{
	"pages": [ //pages数组中第一项表示应用启动页，参考：https://uniapp.dcloud.io/collocation/pages
		{
			"path": "pages/index/index",
			"style": {
				"navigationBarTitleText": "体语科技",
				"app-plus": {
					"titleNView": {
						"buttons": [{
							"text": "\ue534",
							"fontSrc": "/static/uni.ttf",
							"fontSize": "22px",
							"color": "white"
						}]
					}
				}
			}
		},
		{
			"path": "pages/body-posture/body-posture",
			"style": {
				"navigationBarTitleText": "体姿检测",
				"app-plus": {
					"titleNView": {
						"buttons": [{
							"text": "\ue534",
							"fontSrc": "/static/uni.ttf",
							"fontSize": "22px",
							"color": "white"
						}]
					}
				}
			}
		},
		{
			"path": "pages/center/center",
			"style": {
				"navigationBarTitleText": "个人中心"
// 				"app-plus": {
// 					"titleNView": {
// 						"buttons": [{
// 							"text": "&#xe61b;",
// 							"fontSrc": "/static/iconfont.ttf",
// 							"fontSize": "22px",
// 							"color": "000"
// 						}]
// 					}
// 				}
			}
		},
		{
			"path": "pages/center/record",
			"style": {
				"navigationBarTitleText": "个人资料"
			}
		},
		{
			"path": "pages/body-posture/body-report",
			"style": {
				"navigationBarTitleText": "检测结果"
			}
		},
		{
			"path": "pages/body-posture/body-cont",
			"style": {
				"navigationBarTitleText": "矫正方法"
			}
		},
		{
			"path": "pages/body-posture/body-success",
			"style": {
				"navigationBarTitleText": "体姿测试成功"
			}
		},
		{
			"path": "pages/center/uni-feedback",
			"style": {
				"navigationBarTitleText": "反馈"
			}
		},
		{
			"path": "pages/center/add-person",
			"style": {
				"navigationBarTitleText": "添加检测人"
			}
		},
		{
			"path": "pages/center/add-list",
			"style": {
				"navigationBarTitleText": "检测人列表"
			}
		},
		{
			"path": "pages/center/report-list",
			"style": {
				"navigationBarTitleText": "报告列表"
			}
		},
		{
			"path": "pages/login/login",
			"style": {
				"navigationBarTitleText": "密码登录"
// 				"app-plus": {
// 					"titleNView": {
// 						"buttons": [{
// 							"text": "注册账号",
// 							"fontSize": "28upx",
// 							"color": "black"
// 						}]
// 					}
// 				}
			}
		},
		{
			"path": "pages/login/phonelogin",
			"style": {
				"navigationBarTitleText": "注册/登录"
			}
		},
		{
			"path": "pages/login/yanzhengma",
			"style": {
				"navigationBarTitleText": "验证码"
			}
		},
		{
			"path" : "pages/login/set",
			"style" : {
				"navigationBarTitleText" : "设置基本信息"
			}
		},
		{
			"path" : "pages/phones/phones",
			"style" : {
				"navigationBarTitleText" : "国际区号",
				"app-plus":{
					"bounce":"none",
					"scrollIndicator":"none"
				}
			}
		}, 
		{ 
			"path" : "pages/phones/phone-search",
			"style" : {
				"navigationBarTitleText" : "搜索国际区号"
			}
		},
		{
			"path": "pages/Shopcenter/index",
			"style": {
				"navigationBarTitleText": "商品列表",
				"app-plus": {
					"titleNView": {
						"buttons": [{
							"text": "\ue563",
							"fontSrc": "/static/uni.ttf",
							"fontSize": "22px"
						}]
					},
					"bounce": "none"
				}
			}
		},
		{
			"path": "pages/Shopcenter/detail",
			"style": {
				"navigationBarTitleText": "商品信息"
			}
		},
		{
			"path": "pages/Shopcenter/shop-list",
			"style": {
				"navigationBarTitleText": "购物车"
			}
		}
		
	],
	"globalStyle": {
		"navigationBarTextStyle": "black",
		"navigationBarTitleText": "uni-app",
		"navigationBarBackgroundColor": "white",
		"backgroundColor": "white"
	},
	"tabBar": {
		"color": "#b4b5ba",
		"selectedColor": "#A0E6F3",
		"borderStyle": "black",
		"backgroundColor": "#ffffff",
		"list": [{
				"pagePath": "pages/index/index",
				"iconPath": "static/index-0.png",
				"selectedIconPath": "static/index-1.png",
				"text": "首页"
			},
			{
				"pagePath": "pages/body-posture/body-posture",
				"iconPath": "static/hot-0.png",
				"selectedIconPath": "static/hot-1.png",
				"text": "测试"
			},
// 			{
// 				"pagePath": "",
// 				"iconPath": "static/tag-0.png",
// 				"selectedIconPath": "static/tag-1.png",
// 				"text": "交流"
// 			},
			{
				"pagePath": "pages/Shopcenter/index",
				"iconPath": "static/shop-0.png",
				"selectedIconPath": "static/shop-1.png",
				"text": "商城"
			},
			{
				"pagePath": "pages/center/center",
				"iconPath": "static/center-0.png",
				"selectedIconPath": "static/center-1.png",
				"text": "我的"
			}
		]
	}
}
